crop_year,month,month_order,product_type,sugar_class,metric,unit,value,source_period,source_file
2014-2015,September,1,raw_sugar,"""B"" Domestic",raw_sugar_domestic_withdrawals,MT,91578.0,2010-2015,data\extracted\raw_domestic_withdrawals\2010-2015\table_01_lattice.csv
2013-2014,September,1,raw_sugar,"""B"" Domestic",raw_sugar_domestic_withdrawals,MT,103637.0,2010-2015,data\extracted\raw_domestic_withdrawals\2010-2015\table_01_lattice.csv
2012-2013,September,1,raw_sugar,"""B"" Domestic",raw_sugar_domestic_withdrawals,MT,103750.0,2010-2015,data\extracted\raw_domestic_withdrawals\2010-2015\table_01_lattice.csv
2011-2012,September,1,raw_sugar,"""B"" Domestic",raw_sugar_domestic_withdrawals,MT,61458.0,2010-2015,data\extracted\raw_domestic_withdrawals\2010-2015\table_01_lattice.csv
2010-2011,September,1,raw_sugar,"""B"" Domestic",raw_sugar_domestic_withdrawals,MT,35608.0,2010-2015,data\extracted\raw_domestic_withdrawals\2010-2015\table_01_lattice.csv
2014-2015,October,2,raw_sugar,"""B"" Domestic",raw_sugar_domestic_withdrawals,MT,152374.0,2010-2015,data\extracted\raw_domestic_withdrawals\2010-2015\table_01_lattice.csv
2013-2014,October,2,raw_sugar,"""B"" Domestic",raw_sugar_domestic_withdrawals,MT,126110.0,2010-2015,data\extracted\raw_domestic_withdrawals\2010-2015\table_01_lattice.csv
2012-2013,October,2,raw_sugar,"""B"" Domestic",raw_sugar_domestic_withdrawals,MT,127423.0,2010-2015,data\extracted\raw_domestic_withdrawals\2010-2015\table_01_lattice.csv
2011-2012,October,2,raw_sugar,"""B"" Domestic",raw_sugar_domestic_withdrawals,MT,111533.0,2010-2015,data\extracted\raw_domestic_withdrawals\2010-2015\table_01_lattice.csv
2010-2011,October,2,raw_sugar,"""B"" Domestic",raw_sugar_domestic_withdrawals,MT,69881.0,2010-2015,data\extracted\raw_domestic_withdrawals\2010-2015\table_01_lattice.csv
2014-2015,November,3,raw_sugar,"""B"" Domestic",raw_sugar_domestic_withdrawals,MT,183967.0,2010-2015,data\extracted\raw_domestic_withdrawals\2010-2015\table_01_lattice.csv
2013-2014,November,3,raw_sugar,"""B"" Domestic",raw_sugar_domestic_withdrawals,MT,132064.0,2010-2015,data\extracted\raw_domestic_withdrawals\2010-2015\table_01_lattice.csv
2012-2013,November,3,raw_sugar,"""B"" Domestic",raw_sugar_domestic_withdrawals,MT,167935.0,2010-2015,data\extracted\raw_domestic_withdrawals\2010-2015\table_01_lattice.csv
2011-2012,November,3,raw_sugar,"""B"" Domestic",raw_sugar_domestic_withdrawals,MT,125636.0,2010-2015,data\extracted\raw_domestic_withdrawals\2010-2015\table_01_lattice.csv
2010-2011,November,3,raw_sugar,"""B"" Domestic",raw_sugar_domestic_withdrawals,MT,86266.0,2010-2015,data\extracted\raw_domestic_withdrawals\2010-2015\table_01_lattice.csv
2014-2015,December,4,raw_sugar,"""B"" Domestic",raw_sugar_domestic_withdrawals,MT,178726.0,2010-2015,data\extracted\raw_domestic_withdrawals\2010-2015\table_01_lattice.csv
2013-2014,December,4,raw_sugar,"""B"" Domestic",raw_sugar_domestic_withdrawals,MT,214155.0,2010-2015,data\extracted\raw_domestic_withdrawals\2010-2015\table_01_lattice.csv
2012-2013,December,4,raw_sugar,"""B"" Domestic",raw_sugar_domestic_withdrawals,MT,229174.0,2010-2015,data\extracted\raw_domestic_withdrawals\2010-2015\table_01_lattice.csv
2011-2012,December,4,raw_sugar,"""B"" Domestic",raw_sugar_domestic_withdrawals,MT,159643.0,2010-2015,data\extracted\raw_domestic_withdrawals\2010-2015\table_01_lattice.csv
2010-2011,December,4,raw_sugar,"""B"" Domestic",raw_sugar_domestic_withdrawals,MT,124984.0,2010-2015,data\extracted\raw_domestic_withdrawals\2010-2015\table_01_lattice.csv
2014-2015,January,5,raw_sugar,"""B"" Domestic",raw_sugar_domestic_withdrawals,MT,194133.0,2010-2015,data\extracted\raw_domestic_withdrawals\2010-2015\table_01_lattice.csv
2013-2014,January,5,raw_sugar,"""B"" Domestic",raw_sugar_domestic_withdrawals,MT,213554.0,2010-2015,data\extracted\raw_domestic_withdrawals\2010-2015\table_01_lattice.csv
2012-2013,January,5,raw_sugar,"""B"" Domestic",raw_sugar_domestic_withdrawals,MT,185514.0,2010-2015,data\extracted\raw_domestic_withdrawals\2010-2015\table_01_lattice.csv
2011-2012,January,5,raw_sugar,"""B"" Domestic",raw_sugar_domestic_withdrawals,MT,217870.0,2010-2015,data\extracted\raw_domestic_withdrawals\2010-2015\table_01_lattice.csv
2010-2011,January,5,raw_sugar,"""B"" Domestic",raw_sugar_domestic_withdrawals,MT,167546.0,2010-2015,data\extracted\raw_domestic_withdrawals\2010-2015\table_01_lattice.csv
2014-2015,February,6,raw_sugar,"""B"" Domestic",raw_sugar_domestic_withdrawals,MT,194721.0,2010-2015,data\extracted\raw_domestic_withdrawals\2010-2015\table_01_lattice.csv
2013-2014,February,6,raw_sugar,"""B"" Domestic",raw_sugar_domestic_withdrawals,MT,216768.0,2010-2015,data\extracted\raw_domestic_withdrawals\2010-2015\table_01_lattice.csv
2012-2013,February,6,raw_sugar,"""B"" Domestic",raw_sugar_domestic_withdrawals,MT,215486.0,2010-2015,data\extracted\raw_domestic_withdrawals\2010-2015\table_01_lattice.csv
2011-2012,February,6,raw_sugar,"""B"" Domestic",raw_sugar_domestic_withdrawals,MT,214197.0,2010-2015,data\extracted\raw_domestic_withdrawals\2010-2015\table_01_lattice.csv
2010-2011,February,6,raw_sugar,"""B"" Domestic",raw_sugar_domestic_withdrawals,MT,205651.0,2010-2015,data\extracted\raw_domestic_withdrawals\2010-2015\table_01_lattice.csv
2014-2015,March,7,raw_sugar,"""B"" Domestic",raw_sugar_domestic_withdrawals,MT,330341.0,2010-2015,data\extracted\raw_domestic_withdrawals\2010-2015\table_01_lattice.csv
2013-2014,March,7,raw_sugar,"""B"" Domestic",raw_sugar_domestic_withdrawals,MT,310016.0,2010-2015,data\extracted\raw_domestic_withdrawals\2010-2015\table_01_lattice.csv
2012-2013,March,7,raw_sugar,"""B"" Domestic",raw_sugar_domestic_withdrawals,MT,250657.0,2010-2015,data\extracted\raw_domestic_withdrawals\2010-2015\table_01_lattice.csv
2011-2012,March,7,raw_sugar,"""B"" Domestic",raw_sugar_domestic_withdrawals,MT,204341.0,2010-2015,data\extracted\raw_domestic_withdrawals\2010-2015\table_01_lattice.csv
2010-2011,March,7,raw_sugar,"""B"" Domestic",raw_sugar_domestic_withdrawals,MT,210924.0,2010-2015,data\extracted\raw_domestic_withdrawals\2010-2015\table_01_lattice.csv
2014-2015,April,8,raw_sugar,"""B"" Domestic",raw_sugar_domestic_withdrawals,MT,343668.0,2010-2015,data\extracted\raw_domestic_withdrawals\2010-2015\table_01_lattice.csv
2013-2014,April,8,raw_sugar,"""B"" Domestic",raw_sugar_domestic_withdrawals,MT,223747.0,2010-2015,data\extracted\raw_domestic_withdrawals\2010-2015\table_01_lattice.csv
2012-2013,April,8,raw_sugar,"""B"" Domestic",raw_sugar_domestic_withdrawals,MT,273794.0,2010-2015,data\extracted\raw_domestic_withdrawals\2010-2015\table_01_lattice.csv
2011-2012,April,8,raw_sugar,"""B"" Domestic",raw_sugar_domestic_withdrawals,MT,243650.0,2010-2015,data\extracted\raw_domestic_withdrawals\2010-2015\table_01_lattice.csv
2010-2011,April,8,raw_sugar,"""B"" Domestic",raw_sugar_domestic_withdrawals,MT,202628.0,2010-2015,data\extracted\raw_domestic_withdrawals\2010-2015\table_01_lattice.csv
2014-2015,May,9,raw_sugar,"""B"" Domestic",raw_sugar_domestic_withdrawals,MT,223619.0,2010-2015,data\extracted\raw_domestic_withdrawals\2010-2015\table_01_lattice.csv
2013-2014,May,9,raw_sugar,"""B"" Domestic",raw_sugar_domestic_withdrawals,MT,233190.0,2010-2015,data\extracted\raw_domestic_withdrawals\2010-2015\table_01_lattice.csv
2012-2013,May,9,raw_sugar,"""B"" Domestic",raw_sugar_domestic_withdrawals,MT,201383.0,2010-2015,data\extracted\raw_domestic_withdrawals\2010-2015\table_01_lattice.csv
2011-2012,May,9,raw_sugar,"""B"" Domestic",raw_sugar_domestic_withdrawals,MT,159065.0,2010-2015,data\extracted\raw_domestic_withdrawals\2010-2015\table_01_lattice.csv
2010-2011,May,9,raw_sugar,"""B"" Domestic",raw_sugar_domestic_withdrawals,MT,178174.0,2010-2015,data\extracted\raw_domestic_withdrawals\2010-2015\table_01_lattice.csv
2014-2015,June,10,raw_sugar,"""B"" Domestic",raw_sugar_domestic_withdrawals,MT,194450.0,2010-2015,data\extracted\raw_domestic_withdrawals\2010-2015\table_01_lattice.csv
2013-2014,June,10,raw_sugar,"""B"" Domestic",raw_sugar_domestic_withdrawals,MT,201574.0,2010-2015,data\extracted\raw_domestic_withdrawals\2010-2015\table_01_lattice.csv
2012-2013,June,10,raw_sugar,"""B"" Domestic",raw_sugar_domestic_withdrawals,MT,195825.0,2010-2015,data\extracted\raw_domestic_withdrawals\2010-2015\table_01_lattice.csv
2011-2012,June,10,raw_sugar,"""B"" Domestic",raw_sugar_domestic_withdrawals,MT,190185.0,2010-2015,data\extracted\raw_domestic_withdrawals\2010-2015\table_01_lattice.csv
2010-2011,June,10,raw_sugar,"""B"" Domestic",raw_sugar_domestic_withdrawals,MT,178397.0,2010-2015,data\extracted\raw_domestic_withdrawals\2010-2015\table_01_lattice.csv
2014-2015,July,11,raw_sugar,"""B"" Domestic",raw_sugar_domestic_withdrawals,MT,66970.0,2010-2015,data\extracted\raw_domestic_withdrawals\2010-2015\table_01_lattice.csv
2013-2014,July,11,raw_sugar,"""B"" Domestic",raw_sugar_domestic_withdrawals,MT,137004.0,2010-2015,data\extracted\raw_domestic_withdrawals\2010-2015\table_01_lattice.csv
2012-2013,July,11,raw_sugar,"""B"" Domestic",raw_sugar_domestic_withdrawals,MT,109941.0,2010-2015,data\extracted\raw_domestic_withdrawals\2010-2015\table_01_lattice.csv
2011-2012,July,11,raw_sugar,"""B"" Domestic",raw_sugar_domestic_withdrawals,MT,172863.0,2010-2015,data\extracted\raw_domestic_withdrawals\2010-2015\table_01_lattice.csv
2010-2011,July,11,raw_sugar,"""B"" Domestic",raw_sugar_domestic_withdrawals,MT,144750.0,2010-2015,data\extracted\raw_domestic_withdrawals\2010-2015\table_01_lattice.csv
2014-2015,August,12,raw_sugar,"""B"" Domestic",raw_sugar_domestic_withdrawals,MT,86135.0,2010-2015,data\extracted\raw_domestic_withdrawals\2010-2015\table_01_lattice.csv
2013-2014,August,12,raw_sugar,"""B"" Domestic",raw_sugar_domestic_withdrawals,MT,90624.0,2010-2015,data\extracted\raw_domestic_withdrawals\2010-2015\table_01_lattice.csv
2012-2013,August,12,raw_sugar,"""B"" Domestic",raw_sugar_domestic_withdrawals,MT,123630.0,2010-2015,data\extracted\raw_domestic_withdrawals\2010-2015\table_01_lattice.csv
2011-2012,August,12,raw_sugar,"""B"" Domestic",raw_sugar_domestic_withdrawals,MT,169425.0,2010-2015,data\extracted\raw_domestic_withdrawals\2010-2015\table_01_lattice.csv
2010-2011,August,12,raw_sugar,"""B"" Domestic",raw_sugar_domestic_withdrawals,MT,111696.0,2010-2015,data\extracted\raw_domestic_withdrawals\2010-2015\table_01_lattice.csv
2019-2020,September,1,raw_sugar,"""B"" Domestic",raw_sugar_domestic_withdrawals,MT,72918.0,2015-2020,data\extracted\raw_domestic_withdrawals\2015-2020\table_01_lattice.csv
2018-2019,September,1,raw_sugar,"""B"" Domestic",raw_sugar_domestic_withdrawals,MT,66209.0,2015-2020,data\extracted\raw_domestic_withdrawals\2015-2020\table_01_lattice.csv
2017-2018,September,1,raw_sugar,"""B"" Domestic",raw_sugar_domestic_withdrawals,MT,87442.0,2015-2020,data\extracted\raw_domestic_withdrawals\2015-2020\table_01_lattice.csv
2016-2017,September,1,raw_sugar,"""B"" Domestic",raw_sugar_domestic_withdrawals,MT,79753.0,2015-2020,data\extracted\raw_domestic_withdrawals\2015-2020\table_01_lattice.csv
2015-2016,September,1,raw_sugar,"""B"" Domestic",raw_sugar_domestic_withdrawals,MT,83765.0,2015-2020,data\extracted\raw_domestic_withdrawals\2015-2020\table_01_lattice.csv
2019-2020,October,2,raw_sugar,"""B"" Domestic",raw_sugar_domestic_withdrawals,MT,96493.0,2015-2020,data\extracted\raw_domestic_withdrawals\2015-2020\table_01_lattice.csv
2018-2019,October,2,raw_sugar,"""B"" Domestic",raw_sugar_domestic_withdrawals,MT,109415.0,2015-2020,data\extracted\raw_domestic_withdrawals\2015-2020\table_01_lattice.csv
2017-2018,October,2,raw_sugar,"""B"" Domestic",raw_sugar_domestic_withdrawals,MT,140699.0,2015-2020,data\extracted\raw_domestic_withdrawals\2015-2020\table_01_lattice.csv
2016-2017,October,2,raw_sugar,"""B"" Domestic",raw_sugar_domestic_withdrawals,MT,121623.0,2015-2020,data\extracted\raw_domestic_withdrawals\2015-2020\table_01_lattice.csv
2015-2016,October,2,raw_sugar,"""B"" Domestic",raw_sugar_domestic_withdrawals,MT,99589.0,2015-2020,data\extracted\raw_domestic_withdrawals\2015-2020\table_01_lattice.csv
2019-2020,November,3,raw_sugar,"""B"" Domestic",raw_sugar_domestic_withdrawals,MT,138779.0,2015-2020,data\extracted\raw_domestic_withdrawals\2015-2020\table_01_lattice.csv
2018-2019,November,3,raw_sugar,"""B"" Domestic",raw_sugar_domestic_withdrawals,MT,98265.0,2015-2020,data\extracted\raw_domestic_withdrawals\2015-2020\table_01_lattice.csv
2017-2018,November,3,raw_sugar,"""B"" Domestic",raw_sugar_domestic_withdrawals,MT,130575.0,2015-2020,data\extracted\raw_domestic_withdrawals\2015-2020\table_01_lattice.csv
2016-2017,November,3,raw_sugar,"""B"" Domestic",raw_sugar_domestic_withdrawals,MT,121505.0,2015-2020,data\extracted\raw_domestic_withdrawals\2015-2020\table_01_lattice.csv
2015-2016,November,3,raw_sugar,"""B"" Domestic",raw_sugar_domestic_withdrawals,MT,155903.0,2015-2020,data\extracted\raw_domestic_withdrawals\2015-2020\table_01_lattice.csv
2019-2020,December,4,raw_sugar,"""B"" Domestic",raw_sugar_domestic_withdrawals,MT,172714.0,2015-2020,data\extracted\raw_domestic_withdrawals\2015-2020\table_01_lattice.csv
2018-2019,December,4,raw_sugar,"""B"" Domestic",raw_sugar_domestic_withdrawals,MT,187713.0,2015-2020,data\extracted\raw_domestic_withdrawals\2015-2020\table_01_lattice.csv
2017-2018,December,4,raw_sugar,"""B"" Domestic",raw_sugar_domestic_withdrawals,MT,162793.0,2015-2020,data\extracted\raw_domestic_withdrawals\2015-2020\table_01_lattice.csv
2016-2017,December,4,raw_sugar,"""B"" Domestic",raw_sugar_domestic_withdrawals,MT,125688.0,2015-2020,data\extracted\raw_domestic_withdrawals\2015-2020\table_01_lattice.csv
2015-2016,December,4,raw_sugar,"""B"" Domestic",raw_sugar_domestic_withdrawals,MT,142395.0,2015-2020,data\extracted\raw_domestic_withdrawals\2015-2020\table_01_lattice.csv
2019-2020,January,5,raw_sugar,"""B"" Domestic",raw_sugar_domestic_withdrawals,MT,146319.0,2015-2020,data\extracted\raw_domestic_withdrawals\2015-2020\table_01_lattice.csv
2018-2019,January,5,raw_sugar,"""B"" Domestic",raw_sugar_domestic_withdrawals,MT,132245.0,2015-2020,data\extracted\raw_domestic_withdrawals\2015-2020\table_01_lattice.csv
2017-2018,January,5,raw_sugar,"""B"" Domestic",raw_sugar_domestic_withdrawals,MT,153946.0,2015-2020,data\extracted\raw_domestic_withdrawals\2015-2020\table_01_lattice.csv
2016-2017,January,5,raw_sugar,"""B"" Domestic",raw_sugar_domestic_withdrawals,MT,195720.0,2015-2020,data\extracted\raw_domestic_withdrawals\2015-2020\table_01_lattice.csv
2015-2016,January,5,raw_sugar,"""B"" Domestic",raw_sugar_domestic_withdrawals,MT,268522.0,2015-2020,data\extracted\raw_domestic_withdrawals\2015-2020\table_01_lattice.csv
2019-2020,February,6,raw_sugar,"""B"" Domestic",raw_sugar_domestic_withdrawals,MT,195341.0,2015-2020,data\extracted\raw_domestic_withdrawals\2015-2020\table_01_lattice.csv
2018-2019,February,6,raw_sugar,"""B"" Domestic",raw_sugar_domestic_withdrawals,MT,210312.0,2015-2020,data\extracted\raw_domestic_withdrawals\2015-2020\table_01_lattice.csv
2017-2018,February,6,raw_sugar,"""B"" Domestic",raw_sugar_domestic_withdrawals,MT,164371.0,2015-2020,data\extracted\raw_domestic_withdrawals\2015-2020\table_01_lattice.csv
2016-2017,February,6,raw_sugar,"""B"" Domestic",raw_sugar_domestic_withdrawals,MT,193320.0,2015-2020,data\extracted\raw_domestic_withdrawals\2015-2020\table_01_lattice.csv
2015-2016,February,6,raw_sugar,"""B"" Domestic",raw_sugar_domestic_withdrawals,MT,288358.0,2015-2020,data\extracted\raw_domestic_withdrawals\2015-2020\table_01_lattice.csv
2019-2020,March,7,raw_sugar,"""B"" Domestic",raw_sugar_domestic_withdrawals,MT,251786.0,2015-2020,data\extracted\raw_domestic_withdrawals\2015-2020\table_01_lattice.csv
2018-2019,March,7,raw_sugar,"""B"" Domestic",raw_sugar_domestic_withdrawals,MT,284137.0,2015-2020,data\extracted\raw_domestic_withdrawals\2015-2020\table_01_lattice.csv
2017-2018,March,7,raw_sugar,"""B"" Domestic",raw_sugar_domestic_withdrawals,MT,212698.0,2015-2020,data\extracted\raw_domestic_withdrawals\2015-2020\table_01_lattice.csv
2016-2017,March,7,raw_sugar,"""B"" Domestic",raw_sugar_domestic_withdrawals,MT,236687.0,2015-2020,data\extracted\raw_domestic_withdrawals\2015-2020\table_01_lattice.csv
2015-2016,March,7,raw_sugar,"""B"" Domestic",raw_sugar_domestic_withdrawals,MT,219244.0,2015-2020,data\extracted\raw_domestic_withdrawals\2015-2020\table_01_lattice.csv
2019-2020,April,8,raw_sugar,"""B"" Domestic",raw_sugar_domestic_withdrawals,MT,170032.0,2015-2020,data\extracted\raw_domestic_withdrawals\2015-2020\table_01_lattice.csv
2018-2019,April,8,raw_sugar,"""B"" Domestic",raw_sugar_domestic_withdrawals,MT,214960.0,2015-2020,data\extracted\raw_domestic_withdrawals\2015-2020\table_01_lattice.csv
2017-2018,April,8,raw_sugar,"""B"" Domestic",raw_sugar_domestic_withdrawals,MT,295885.0,2015-2020,data\extracted\raw_domestic_withdrawals\2015-2020\table_01_lattice.csv
2016-2017,April,8,raw_sugar,"""B"" Domestic",raw_sugar_domestic_withdrawals,MT,287449.0,2015-2020,data\extracted\raw_domestic_withdrawals\2015-2020\table_01_lattice.csv
2015-2016,April,8,raw_sugar,"""B"" Domestic",raw_sugar_domestic_withdrawals,MT,167077.0,2015-2020,data\extracted\raw_domestic_withdrawals\2015-2020\table_01_lattice.csv
2019-2020,May,9,raw_sugar,"""B"" Domestic",raw_sugar_domestic_withdrawals,MT,253586.0,2015-2020,data\extracted\raw_domestic_withdrawals\2015-2020\table_01_lattice.csv
2018-2019,May,9,raw_sugar,"""B"" Domestic",raw_sugar_domestic_withdrawals,MT,184099.0,2015-2020,data\extracted\raw_domestic_withdrawals\2015-2020\table_01_lattice.csv
2017-2018,May,9,raw_sugar,"""B"" Domestic",raw_sugar_domestic_withdrawals,MT,256387.0,2015-2020,data\extracted\raw_domestic_withdrawals\2015-2020\table_01_lattice.csv
2016-2017,May,9,raw_sugar,"""B"" Domestic",raw_sugar_domestic_withdrawals,MT,192025.0,2015-2020,data\extracted\raw_domestic_withdrawals\2015-2020\table_01_lattice.csv
2015-2016,May,9,raw_sugar,"""B"" Domestic",raw_sugar_domestic_withdrawals,MT,225027.0,2015-2020,data\extracted\raw_domestic_withdrawals\2015-2020\table_01_lattice.csv
2019-2020,June,10,raw_sugar,"""B"" Domestic",raw_sugar_domestic_withdrawals,MT,145179.0,2015-2020,data\extracted\raw_domestic_withdrawals\2015-2020\table_01_lattice.csv
2018-2019,June,10,raw_sugar,"""B"" Domestic",raw_sugar_domestic_withdrawals,MT,158000.0,2015-2020,data\extracted\raw_domestic_withdrawals\2015-2020\table_01_lattice.csv
2017-2018,June,10,raw_sugar,"""B"" Domestic",raw_sugar_domestic_withdrawals,MT,191729.0,2015-2020,data\extracted\raw_domestic_withdrawals\2015-2020\table_01_lattice.csv
2016-2017,June,10,raw_sugar,"""B"" Domestic",raw_sugar_domestic_withdrawals,MT,212961.0,2015-2020,data\extracted\raw_domestic_withdrawals\2015-2020\table_01_lattice.csv
2015-2016,June,10,raw_sugar,"""B"" Domestic",raw_sugar_domestic_withdrawals,MT,190784.0,2015-2020,data\extracted\raw_domestic_withdrawals\2015-2020\table_01_lattice.csv
2019-2020,July,11,raw_sugar,"""B"" Domestic",raw_sugar_domestic_withdrawals,MT,176576.0,2015-2020,data\extracted\raw_domestic_withdrawals\2015-2020\table_01_lattice.csv
2018-2019,July,11,raw_sugar,"""B"" Domestic",raw_sugar_domestic_withdrawals,MT,123994.0,2015-2020,data\extracted\raw_domestic_withdrawals\2015-2020\table_01_lattice.csv
2017-2018,July,11,raw_sugar,"""B"" Domestic",raw_sugar_domestic_withdrawals,MT,169047.0,2015-2020,data\extracted\raw_domestic_withdrawals\2015-2020\table_01_lattice.csv
2016-2017,July,11,raw_sugar,"""B"" Domestic",raw_sugar_domestic_withdrawals,MT,201961.0,2015-2020,data\extracted\raw_domestic_withdrawals\2015-2020\table_01_lattice.csv
2015-2016,July,11,raw_sugar,"""B"" Domestic",raw_sugar_domestic_withdrawals,MT,210836.0,2015-2020,data\extracted\raw_domestic_withdrawals\2015-2020\table_01_lattice.csv
2019-2020,August,12,raw_sugar,"""B"" Domestic",raw_sugar_domestic_withdrawals,MT,209093.0,2015-2020,data\extracted\raw_domestic_withdrawals\2015-2020\table_01_lattice.csv
2018-2019,August,12,raw_sugar,"""B"" Domestic",raw_sugar_domestic_withdrawals,MT,114871.0,2015-2020,data\extracted\raw_domestic_withdrawals\2015-2020\table_01_lattice.csv
2017-2018,August,12,raw_sugar,"""B"" Domestic",raw_sugar_domestic_withdrawals,MT,132781.0,2015-2020,data\extracted\raw_domestic_withdrawals\2015-2020\table_01_lattice.csv
2016-2017,August,12,raw_sugar,"""B"" Domestic",raw_sugar_domestic_withdrawals,MT,147681.0,2015-2020,data\extracted\raw_domestic_withdrawals\2015-2020\table_01_lattice.csv
2015-2016,August,12,raw_sugar,"""B"" Domestic",raw_sugar_domestic_withdrawals,MT,111670.0,2015-2020,data\extracted\raw_domestic_withdrawals\2015-2020\table_01_lattice.csv
2024-2025,September,1,raw_sugar,"""B"" Domestic",raw_sugar_domestic_withdrawals,MT,62057.0,2020-2025,data\extracted\raw_domestic_withdrawals\2020-2025\table_01_lattice.csv
2023-2024,September,1,raw_sugar,"""B"" Domestic",raw_sugar_domestic_withdrawals,MT,68570.0,2020-2025,data\extracted\raw_domestic_withdrawals\2020-2025\table_01_lattice.csv
2022-2023,September,1,raw_sugar,"""B"" Domestic",raw_sugar_domestic_withdrawals,MT,85082.0,2020-2025,data\extracted\raw_domestic_withdrawals\2020-2025\table_01_lattice.csv
2021-2022,September,1,raw_sugar,"""B"" Domestic",raw_sugar_domestic_withdrawals,MT,80869.0,2020-2025,data\extracted\raw_domestic_withdrawals\2020-2025\table_01_lattice.csv
2020-2021,September,1,raw_sugar,"""B"" Domestic",raw_sugar_domestic_withdrawals,MT,80268.0,2020-2025,data\extracted\raw_domestic_withdrawals\2020-2025\table_01_lattice.csv
2024-2025,October,2,raw_sugar,"""B"" Domestic",raw_sugar_domestic_withdrawals,MT,118830.0,2020-2025,data\extracted\raw_domestic_withdrawals\2020-2025\table_01_lattice.csv
2023-2024,October,2,raw_sugar,"""B"" Domestic",raw_sugar_domestic_withdrawals,MT,138442.0,2020-2025,data\extracted\raw_domestic_withdrawals\2020-2025\table_01_lattice.csv
2022-2023,October,2,raw_sugar,"""B"" Domestic",raw_sugar_domestic_withdrawals,MT,163806.0,2020-2025,data\extracted\raw_domestic_withdrawals\2020-2025\table_01_lattice.csv
2021-2022,October,2,raw_sugar,"""B"" Domestic",raw_sugar_domestic_withdrawals,MT,159842.0,2020-2025,data\extracted\raw_domestic_withdrawals\2020-2025\table_01_lattice.csv
2020-2021,October,2,raw_sugar,"""B"" Domestic",raw_sugar_domestic_withdrawals,MT,118397.0,2020-2025,data\extracted\raw_domestic_withdrawals\2020-2025\table_01_lattice.csv
2024-2025,November,3,raw_sugar,"""B"" Domestic",raw_sugar_domestic_withdrawals,MT,107893.0,2020-2025,data\extracted\raw_domestic_withdrawals\2020-2025\table_01_lattice.csv
2023-2024,November,3,raw_sugar,"""B"" Domestic",raw_sugar_domestic_withdrawals,MT,110378.0,2020-2025,data\extracted\raw_domestic_withdrawals\2020-2025\table_01_lattice.csv
2022-2023,November,3,raw_sugar,"""B"" Domestic",raw_sugar_domestic_withdrawals,MT,156666.0,2020-2025,data\extracted\raw_domestic_withdrawals\2020-2025\table_01_lattice.csv
2021-2022,November,3,raw_sugar,"""B"" Domestic",raw_sugar_domestic_withdrawals,MT,155857.0,2020-2025,data\extracted\raw_domestic_withdrawals\2020-2025\table_01_lattice.csv
2020-2021,November,3,raw_sugar,"""B"" Domestic",raw_sugar_domestic_withdrawals,MT,170797.0,2020-2025,data\extracted\raw_domestic_withdrawals\2020-2025\table_01_lattice.csv
2024-2025,December,4,raw_sugar,"""B"" Domestic",raw_sugar_domestic_withdrawals,MT,185084.0,2020-2025,data\extracted\raw_domestic_withdrawals\2020-2025\table_01_lattice.csv
2023-2024,December,4,raw_sugar,"""B"" Domestic",raw_sugar_domestic_withdrawals,MT,159049.0,2020-2025,data\extracted\raw_domestic_withdrawals\2020-2025\table_01_lattice.csv
2022-2023,December,4,raw_sugar,"""B"" Domestic",raw_sugar_domestic_withdrawals,MT,174378.0,2020-2025,data\extracted\raw_domestic_withdrawals\2020-2025\table_01_lattice.csv
2021-2022,December,4,raw_sugar,"""B"" Domestic",raw_sugar_domestic_withdrawals,MT,142421.0,2020-2025,data\extracted\raw_domestic_withdrawals\2020-2025\table_01_lattice.csv
2020-2021,December,4,raw_sugar,"""B"" Domestic",raw_sugar_domestic_withdrawals,MT,121132.0,2020-2025,data\extracted\raw_domestic_withdrawals\2020-2025\table_01_lattice.csv
2024-2025,January,5,raw_sugar,"""B"" Domestic",raw_sugar_domestic_withdrawals,MT,188410.0,2020-2025,data\extracted\raw_domestic_withdrawals\2020-2025\table_01_lattice.csv
2023-2024,January,5,raw_sugar,"""B"" Domestic",raw_sugar_domestic_withdrawals,MT,188378.0,2020-2025,data\extracted\raw_domestic_withdrawals\2020-2025\table_01_lattice.csv
2022-2023,January,5,raw_sugar,"""B"" Domestic",raw_sugar_domestic_withdrawals,MT,182044.0,2020-2025,data\extracted\raw_domestic_withdrawals\2020-2025\table_01_lattice.csv
2021-2022,January,5,raw_sugar,"""B"" Domestic",raw_sugar_domestic_withdrawals,MT,232195.0,2020-2025,data\extracted\raw_domestic_withdrawals\2020-2025\table_01_lattice.csv
2020-2021,January,5,raw_sugar,"""B"" Domestic",raw_sugar_domestic_withdrawals,MT,184514.0,2020-2025,data\extracted\raw_domestic_withdrawals\2020-2025\table_01_lattice.csv
2024-2025,February,6,raw_sugar,"""B"" Domestic",raw_sugar_domestic_withdrawals,MT,149955.0,2020-2025,data\extracted\raw_domestic_withdrawals\2020-2025\table_01_lattice.csv
2023-2024,February,6,raw_sugar,"""B"" Domestic",raw_sugar_domestic_withdrawals,MT,208415.0,2020-2025,data\extracted\raw_domestic_withdrawals\2020-2025\table_01_lattice.csv
2022-2023,February,6,raw_sugar,"""B"" Domestic",raw_sugar_domestic_withdrawals,MT,153502.0,2020-2025,data\extracted\raw_domestic_withdrawals\2020-2025\table_01_lattice.csv
2021-2022,February,6,raw_sugar,"""B"" Domestic",raw_sugar_domestic_withdrawals,MT,238636.0,2020-2025,data\extracted\raw_domestic_withdrawals\2020-2025\table_01_lattice.csv
2020-2021,February,6,raw_sugar,"""B"" Domestic",raw_sugar_domestic_withdrawals,MT,183732.0,2020-2025,data\extracted\raw_domestic_withdrawals\2020-2025\table_01_lattice.csv
2024-2025,March,7,raw_sugar,"""B"" Domestic",raw_sugar_domestic_withdrawals,MT,221930.0,2020-2025,data\extracted\raw_domestic_withdrawals\2020-2025\table_01_lattice.csv
2023-2024,March,7,raw_sugar,"""B"" Domestic",raw_sugar_domestic_withdrawals,MT,245331.0,2020-2025,data\extracted\raw_domestic_withdrawals\2020-2025\table_01_lattice.csv
2022-2023,March,7,raw_sugar,"""B"" Domestic",raw_sugar_domestic_withdrawals,MT,214434.0,2020-2025,data\extracted\raw_domestic_withdrawals\2020-2025\table_01_lattice.csv
2021-2022,March,7,raw_sugar,"""B"" Domestic",raw_sugar_domestic_withdrawals,MT,258859.0,2020-2025,data\extracted\raw_domestic_withdrawals\2020-2025\table_01_lattice.csv
2020-2021,March,7,raw_sugar,"""B"" Domestic",raw_sugar_domestic_withdrawals,MT,242826.0,2020-2025,data\extracted\raw_domestic_withdrawals\2020-2025\table_01_lattice.csv
2024-2025,April,8,raw_sugar,"""B"" Domestic",raw_sugar_domestic_withdrawals,MT,162569.0,2020-2025,data\extracted\raw_domestic_withdrawals\2020-2025\table_01_lattice.csv
2023-2024,April,8,raw_sugar,"""B"" Domestic",raw_sugar_domestic_withdrawals,MT,129246.0,2020-2025,data\extracted\raw_domestic_withdrawals\2020-2025\table_01_lattice.csv
2022-2023,April,8,raw_sugar,"""B"" Domestic",raw_sugar_domestic_withdrawals,MT,209037.0,2020-2025,data\extracted\raw_domestic_withdrawals\2020-2025\table_01_lattice.csv
2021-2022,April,8,raw_sugar,"""B"" Domestic",raw_sugar_domestic_withdrawals,MT,180742.0,2020-2025,data\extracted\raw_domestic_withdrawals\2020-2025\table_01_lattice.csv
2020-2021,April,8,raw_sugar,"""B"" Domestic",raw_sugar_domestic_withdrawals,MT,241589.0,2020-2025,data\extracted\raw_domestic_withdrawals\2020-2025\table_01_lattice.csv
2024-2025,May,9,raw_sugar,"""B"" Domestic",raw_sugar_domestic_withdrawals,MT,198762.0,2020-2025,data\extracted\raw_domestic_withdrawals\2020-2025\table_01_lattice.csv
2023-2024,May,9,raw_sugar,"""B"" Domestic",raw_sugar_domestic_withdrawals,MT,184418.0,2020-2025,data\extracted\raw_domestic_withdrawals\2020-2025\table_01_lattice.csv
2022-2023,May,9,raw_sugar,"""B"" Domestic",raw_sugar_domestic_withdrawals,MT,136206.0,2020-2025,data\extracted\raw_domestic_withdrawals\2020-2025\table_01_lattice.csv
2021-2022,May,9,raw_sugar,"""B"" Domestic",raw_sugar_domestic_withdrawals,MT,184473.0,2020-2025,data\extracted\raw_domestic_withdrawals\2020-2025\table_01_lattice.csv
2020-2021,May,9,raw_sugar,"""B"" Domestic",raw_sugar_domestic_withdrawals,MT,252091.0,2020-2025,data\extracted\raw_domestic_withdrawals\2020-2025\table_01_lattice.csv
2024-2025,June,10,raw_sugar,"""B"" Domestic",raw_sugar_domestic_withdrawals,MT,184740.0,2020-2025,data\extracted\raw_domestic_withdrawals\2020-2025\table_01_lattice.csv
2023-2024,June,10,raw_sugar,"""B"" Domestic",raw_sugar_domestic_withdrawals,MT,128567.0,2020-2025,data\extracted\raw_domestic_withdrawals\2020-2025\table_01_lattice.csv
2022-2023,June,10,raw_sugar,"""B"" Domestic",raw_sugar_domestic_withdrawals,MT,113244.0,2020-2025,data\extracted\raw_domestic_withdrawals\2020-2025\table_01_lattice.csv
2021-2022,June,10,raw_sugar,"""B"" Domestic",raw_sugar_domestic_withdrawals,MT,150065.0,2020-2025,data\extracted\raw_domestic_withdrawals\2020-2025\table_01_lattice.csv
2020-2021,June,10,raw_sugar,"""B"" Domestic",raw_sugar_domestic_withdrawals,MT,158058.0,2020-2025,data\extracted\raw_domestic_withdrawals\2020-2025\table_01_lattice.csv
2024-2025,July,11,raw_sugar,"""B"" Domestic",raw_sugar_domestic_withdrawals,MT,154297.0,2020-2025,data\extracted\raw_domestic_withdrawals\2020-2025\table_01_lattice.csv
2023-2024,July,11,raw_sugar,"""B"" Domestic",raw_sugar_domestic_withdrawals,MT,126541.0,2020-2025,data\extracted\raw_domestic_withdrawals\2020-2025\table_01_lattice.csv
2022-2023,July,11,raw_sugar,"""B"" Domestic",raw_sugar_domestic_withdrawals,MT,90866.0,2020-2025,data\extracted\raw_domestic_withdrawals\2020-2025\table_01_lattice.csv
2021-2022,July,11,raw_sugar,"""B"" Domestic",raw_sugar_domestic_withdrawals,MT,99734.0,2020-2025,data\extracted\raw_domestic_withdrawals\2020-2025\table_01_lattice.csv
2020-2021,July,11,raw_sugar,"""B"" Domestic",raw_sugar_domestic_withdrawals,MT,133586.0,2020-2025,data\extracted\raw_domestic_withdrawals\2020-2025\table_01_lattice.csv
2024-2025,August,12,raw_sugar,"""B"" Domestic",raw_sugar_domestic_withdrawals,MT,140353.0,2020-2025,data\extracted\raw_domestic_withdrawals\2020-2025\table_01_lattice.csv
2023-2024,August,12,raw_sugar,"""B"" Domestic",raw_sugar_domestic_withdrawals,MT,124962.0,2020-2025,data\extracted\raw_domestic_withdrawals\2020-2025\table_01_lattice.csv
2022-2023,August,12,raw_sugar,"""B"" Domestic",raw_sugar_domestic_withdrawals,MT,69138.0,2020-2025,data\extracted\raw_domestic_withdrawals\2020-2025\table_01_lattice.csv
2021-2022,August,12,raw_sugar,"""B"" Domestic",raw_sugar_domestic_withdrawals,MT,55965.0,2020-2025,data\extracted\raw_domestic_withdrawals\2020-2025\table_01_lattice.csv
2020-2021,August,12,raw_sugar,"""B"" Domestic",raw_sugar_domestic_withdrawals,MT,146376.0,2020-2025,data\extracted\raw_domestic_withdrawals\2020-2025\table_01_lattice.csv
2024-2025,September,1,raw_sugar,"""B"" Domestic",raw_sugar_domestic_withdrawals,MT,85925.0,2020-2025,data\extracted\raw_domestic_withdrawals\2020-2025\table_01_lattice.csv
